Author,Email,Website,Country
J.K. Rowling,jkrowling@gmail.com,www.jkrowling.com,UK
Stephen King,stephenking@gmail.com,www.stephenking.com,USA
Jojo Moyes,jojomoyes@gmail.com,www.jojomoyes.com,UK
Gillian Flynn,gillianflynn@gmail.com,www.gillianflynn.com,USA
Paulo Coelho,pcoelho@gmail.com,www.paulocoelho.com,Brazil
John Green,johngreen@gmail.com,www.johngreenbooks.com,USA
Agatha Christie,achristie@gmail.com,www.agathachristie.com,UK
Terry Pratchett,tpratchett@gmail.com,www.terrypratchettbooks.com,UK
Dan Brown,dbrown@gmail.com,www.danbrown.com,USA
